run_id,target_rate,consumer_count,warmup_s,measurement_s,producer_rate,consumer_rate,delivery_rate_including_flush,delivered,processed_attempts,invalid,delivery_errors,undelivered,not_enqueued,max_lag,final_observed_lag,drained,drain_s,consumer_delay_ms,kafka_cpu_avg_pct,kafka_cpu_max_pct,kafka_mem_max_mb,python_cpu_avg_pct,python_cpu_max_pct,python_rss_max_mb
S1-r1,1000,1,5,54,2666.6296296296296,1466.8703703703704,2499.8537043939855,150000,150000,0,0,0,0,85163,0,True,41.60391855239868,0.2,73.6,341.3,1313.8,33.3,90.7,142.1
S3-r1,1000,3,5,54,2666.6666666666665,2666.8518518518517,2499.876081142481,150000,150000,0,0,0,0,55430,0,True,1.0310380458831787,0.2,90.7,324.7,1314.8,56.7,117.3,182.6
T1-r1,1000,1,5,54,999.9629629629629,1002.3888888888889,999.9551203473408,60000,60000,0,0,0,0,1002,0,True,1.0278384685516357,0,91.6,316.6,1109.0,28.2,40.4,91.8
T1-r2,1000,1,5,54,999.9444444444445,1002.2592592592592,999.9630596980146,60000,60000,0,0,0,0,1054,635,True,0.01510310173034668,0,89.4,322.3,1169.4,30.4,41.1,91.8
T1-r3,1000,1,5,54,1000.0925925925926,1000.7777777777778,999.9434282004963,60000,60000,0,0,0,0,1048,0,True,1.027803659439087,0,94.5,319.5,1257.5,29.7,42.3,92.1
T2-r1,5000,1,5,54,5000.259259259259,5000.0,4999.650919721478,299996,299996,0,0,0,4,3869,0,True,1.0318951606750488,0,101.9,345.6,1122.3,62.8,83.7,93.0
T2-r2,5000,1,5,54,5000.240740740741,5000.0,4999.626426666646,299999,299999,0,0,0,1,3745,0,True,1.02793550491333,0,97.6,349.5,1183.7,60.3,78.0,92.6
T2-r3,5000,1,5,54,5000.12962962963,5001.62962962963,4999.657779476667,299998,299998,0,0,0,2,4396,0,True,1.027942180633545,0,125.6,378.8,1279.0,62.5,81.9,93.3
T3-r1,5000,3,5,54,4999.962962962963,4995.648148148148,4999.736079717642,299999,299999,0,0,0,1,4197,0,True,1.0311126708984375,0,114.6,333.7,1127.4,62.4,84.7,156.1
T3-r2,5000,3,5,54,5000.0,4995.074074074074,4999.6602219575,299999,299999,0,0,0,1,3646,0,True,1.0284442901611328,0,121.9,361.3,1234.9,63.6,82.7,154.9
T3-r3,5000,3,5,54,5000.111111111111,4999.444444444444,4999.698426526477,300000,300000,0,0,0,0,4107,0,True,1.0318772792816162,0,123.5,358.1,1274.9,63.7,81.6,155.0
T4-r1,10000,3,5,54,9999.907407407407,9990.74074074074,9999.386350230925,599996,599996,0,0,0,4,6967,0,True,1.026620626449585,0,119.4,403.1,1155.1,86.0,114.8,155.7
T4-r2,10000,3,5,54,10000.277777777777,9991.25925925926,9978.42330916067,599995,599995,0,0,0,5,8031,0,True,1.027050256729126,0,118.3,347.5,1260.5,83.7,105.3,155.7
T4-r3,10000,3,5,54,10000.12962962963,10000.0,9999.269567586916,599998,599998,0,0,0,2,6920,0,True,1.0286872386932373,0,120.5,357.7,1293.3,85.3,107.2,155.5
